{"cameraMode":{"drawMode":0,"name":"Shaded","section":"Shading Mode"},"sceneLighting":false,"audioPlay":false,"sceneViewState":{"m_AlwaysRefresh":false,"showFog":true,"showSkybox":false,"showFlares":true,"showImageEffects":true,"showParticleSystems":true,"showVisualEffectGraphs":true,"m_FxEnabled":true},"in2DMode":false,"pivot":{"x":2.7578067779541017,"y":1.807724952697754,"z":15.115338325500489},"rotation":{"x":-0.2625105082988739,"y":0.44034650921821597,"z":-0.13636469841003419,"w":-0.8476952314376831},"size":19.669540405273439,"orthographic":false}